<wpml-config>
    <admin-texts>
        <key name="startnext_opt">
            <key name="loading_text" />
            <key name="welcome_text" />
            <key name="address" />
            <key name="time" />
            <key name="header_button" />
            <key name="copyright_text" />
            <key name="post_read_more" />
            <key name="blog_title" />
            <key name="title_not_found" />
            <key name="404_page_desc" />
            <key name="content_not_found" />
            <key name="search_placeholder" />
            <key name="search_button_text" />
        </key>
    </admin-texts>
</wpml-config>